Reference,Value,Footprint,MFT,MNP,Description
B1,220V/50W,SAMPI:LAMP_6.35MM,OEM,1609954437_VNAMZ-6936739394,HALOGEN LAMP 220V/50W
BR1,400V/10A,SAMPI:GBJ25xx,SMC,GBJ2510,BRIDGE RECT 1PHASE 1KV 25A GBJ
"C1,C23",470uF/35V,SAMPI:CAP_ELEC-10.3x10.3-DIA10,KYAVX,APD1012471M035R,CAP ALUM POLY 470UF 20% 35V SMD
"C2,C17,C25,C26,C31",10uF/35V,SAMPI:CAP1206,Murata,GRT31CR6YA106ME01L,CAP CER 10UF 35V X5R 1206
"C3,C12,C18,C27",10uF,SAMPI:CAP0603,Samsung,CL10A106MQ8NNNC,CAP CER 10UF 6.3V X5R 0603
"C4,C5,C7,C20,C21,C22,C28,C29",100nF,SAMPI:CAP0603,Samsung,CL10B104KB8NNNC,CAP CER 0.1UF 50V X7R 0603
"C6,C19",100nF/400V,SAMPI:CAP_FILM_6.0x12.0x12.5-P10,VISHAY,BFC233824104,CAP FILM 0.1UF 20% 560VDC RADIAL
"C8,C14",1uF/400V,SAMPI:ECWFE2W105,Panasonic,ECW-FE2W105K,CAP FILM 1UF 10% 450VDC RADIAL
"C9,C11,C13,C15",100pF/2kV,SAMPI:CAP1206,WE,8.85342E+11,CAP CER 100PF 2000V X7R 1206
C10,220uF/25V,SAMPI:CAP_ELEC-8.3x8.3-DIA8.0,Panasonic,EEH-ZL1E221XP,CAP ALUMHYB 220UF 20% 25V SMD
C16,680uF/450V,SAMPI:ESMQ451VSN681MA50S,Chemi-Con,ESMQ451VSN681MA50S,CAP ALUM 680UF 20% 450V SNAP
C24,470uF/16V,SAMPI:CAP_ELEC-8.3x8.3-DIA8.0,KEMET,A768KS477M1CLAE017,CAP ALUM POLY 470UF 20% 16V SMD
C30,220uF/6.3V,SAMPI:CAP1411,KAVX,TLJB227M006R0500,CAP TANT 220UF 20% 6.3V 1411
"D1,D6",24V,SAMPI:DO-214AA-12,  Vishay,SMBJ24CA-E3/52,TVS DIODE 24VWM 38.9VC DO214AA
"D2,D5",75V/150mA,SAMPI:SOD-323,MCC,1N4148WX-TP,DIODE GEN PURP 75V 150MA SOD323
"D3,D4",6V2,SAMPI:SOD80C-LL34,Diotec,ZMM6.2,DIODE ZENER 6.2V 500MW SOD80C
D7,PWR,SAMPI:LED0603,Harvatek,B1931TW--20P000314U1930,LED WHITE 0603 SMD
FAN1,AC/DC FAN,,NMB,04020VA-12L-AA-00,FAN AXIAL 40X20MM 12VDC WIRE
FT3,120R@100MHz,SAMPI:FT0603,Pulse,PE-0603PFB121ST,FERRITE BEAD 120 OHM 1A 0603 1LN
G1,300V,SAMPI:GDT1812_3532,YAGEO,4532-301-LF,"GDT SMD 4532, 300V30% 2KA, REEL"
J1,POWER CONN,,OEM,AC-01,Snap-In IEC Plug Male 250V 15A Black With Case Fuse
J2,LINE,SAMPI:QC-6.3,TE,2376591-2,250 FASTON PCB TAB TPBR
J3,INV PWR & RELAYS,SAMPI:HDM1x8x2.54_TH_RA,Sullins,PBC08SBAN,CONN HEADER R/A 8POS 2.54MM
J4,HIGH VOLTAGE OUTPUTS,SAMPI:HDF1x10x2.54_TH_RA,Sullins,PPTC101LGBN-RC,CONN HDR 10POS 0.1 TIN PCB R/A
J5,FAN,SAMPI:HDM-2x2.54-TH,JST,B2B-XH-A,CONN HEADER VERT 2POS 2.5MM
J6,MCU PWR,SAMPI:HDM1x8x2.54_TH_RA,Sullins,PBC08SBAN,CONN HEADER R/A 8POS 2.54MM
J7,TE,SAMPI:QC-6.3,TE,2376591-2,250 FASTON PCB TAB TPBR
J8,NEUTRAL,SAMPI:QC-6.3,TE,2376591-2,250 FASTON PCB TAB TPBR
L1,68uH/1A,SAMPI:IND-8D43-8045,Bourns,SRU8043-680Y,FIXED IND 68UH 1.2A 192 MOHM SMD
L2,56uH/1A,SAMPI:IND-8D43-8045,Bourns,SRU8043-220Y,FIXED IND 22UH 2.2A 72.5 MOHM SMD
"M1,M2,M3",470V/1.2kA,SAMPI:MOV5MM,Bourns,MOV-07D471KTR,VARISTOR 470V 1.2KA DISC 7MM
MD1,24V±2%/3W,SAMPI:HLK-PMxx,Hi-Link,HLK-PM24,ENCLOSED AC DC CONVERTER 24V 3W
MD2,24V±2%/10W,SAMPI:HLK-10M,Hi-Link,HLK-10M24,ENCLOSED AC DC CONVERTER 24V 10W
"Q1,Q2",20V/1A,SAMPI:SOT23,Diodes,DMN2310U-7,MOSFET N-CH 20 V 1.6A SOT-23-3
"R1,R10,R11,R12",10K,SAMPI:RES0603,YAGEO,RC0603JR-0710KL,RES 10K OHM 5% 1/10W 0603
R2,"191K, 1%",SAMPI:RES0603,YAGEO,RC0603FR-07191KL,RES 191K OHM 1% 1/10W 0603
"R3,R14","10K, 1%",SAMPI:RES0603,YAGEO,RC0603FR-0710KL,RES 10K OHM 1% 1/10W 0603
"R4,R5,R6,R7,R8,R9",1M,SAMPI:RES1206,Walsin,WR12X105 JTL,RES 1M OHM 5% 1/4W 1206
R13,"140K, 1%",SAMPI:RES0603,YAGEO,RC0603FR-07140KL,RES 140K OHM 1% 1/10W 0603
R15,1K,SAMPI:RES0603,YAGEO,RC0603JR-071KL,RES 1K OHM 5% 1/10W 0603
"RL1,RL2",5V/30A,SAMPI:SLA-12VDC-SL-C,Songle,SLA-5VDC-SL-C,"5V 30A SPDT (1 Form C) 6 Plugin,27.6x32mm  Power Relays ROHS"
"SH1,SH2,SH3,SH4,SH5,SH6,SH7,SH8,SH9",SCREW HOLDER,SAMPI:SCREWHOLE-2.5M,Essentra,50M025045P012,"PAN PHILLIPS SCREW, M2.5 X 4.5 T"
U1,SMPS 16V±2%/0.6A,SAMPI:TDFN8_2x3_MCHP,Microchip,MCP16311T-E/MNY,IC REG BUCK ADJ 1A 8TDFN
"U2,U4",LDO 5V±1%,SAMPI:SOT-89,ROHM,BD50FA1FP3-ZTL,PMIC LDO SMD SOT89-3K POSFIX 5V 100mA 25VIMAX 1VDROP
U3,SMPS 12V±2%/0.8A,SAMPI:TDFN8_2x3_MCHP,Microchip,MCP16311T-E/MNY,IC REG BUCK ADJ 1A 8TDFN
U5,LDO 3V3±2%,SAMPI:SOT-223-3,Microchip,MCP1755S-3302E/DB,PMIC LDO SMD SOT223-3 POSFIX 3.3V 300mA 16VIMAX 0.3VDROP
